Voter Address,Voting Power,Choice Ranking
0x809fa673fe2ab515faa168259cb14e2bedebf68e,179091.66587009636,"NameHash Labs,blockful - basic,Ethereum Identity Fnd - basic,Namestone,Unruggable - basic,Unicorn.eth,eth.limo - basic,Agora - basic,Tally,Lighthouse Labs,Namespace,JustaName,3DNS - basic,ZK Email - basic,dWeb.host - basic,blockful - ext,Ethereum Identity Fnd - ext,3DNS - ext,Unruggable - ext,eth.limo - ext,ZK Email - ext,Agora - ext,dWeb.host - ext,Enscribe,WebHash,NONE BELOW,x23.ai,Curia Lab,Web3bio,GovPal,Decent,PYOR,AlphaGrowth - basic,AlphaGrowth - ext,Wildcard Labs - basic,Wildcard Labs - ext"
0x048aa782fb1ebc07b410aab4af1456be23220493,159843.2342887547,"Namespace,Unruggable - basic,eth.limo - basic,NONE BELOW,eth.limo - ext,Enscribe,AlphaGrowth - basic,AlphaGrowth - ext,GovPal,JustaName,Wildcard Labs - basic,Wildcard Labs - ext,Agora - basic,Agora - ext,x23.ai,blockful - basic,blockful - ext,PYOR,dWeb.host - basic,dWeb.host - ext,Ethereum Identity Fnd - basic,Ethereum Identity Fnd - ext,WebHash,Tally,NameHash Labs,Decent,Unicorn.eth,ZK Email - basic,ZK Email - ext,3DNS - basic,3DNS - ext,Curia Lab,Web3bio,Unruggable - ext,Namestone,Lighthouse Labs"
0xb8c2c29ee19d8307cb7255e1cd9cbde883a267d5,159733.7719112218,"eth.limo - basic,blockful - basic,blockful - ext,ZK Email - basic,NameHash Labs,Ethereum Identity Fnd - basic,Namestone,Lighthouse Labs,eth.limo - ext,ZK Email - ext,JustaName,Ethereum Identity Fnd - ext,Tally,Agora - basic,3DNS - basic,Agora - ext,3DNS - ext,NONE BELOW,dWeb.host - basic,dWeb.host - ext,AlphaGrowth - basic,AlphaGrowth - ext,PYOR,Namespace,Enscribe,Curia Lab,Wildcard Labs - basic,Wildcard Labs - ext,WebHash,x23.ai,Unruggable - basic,Unruggable - ext,Web3bio,Decent,Unicorn.eth,GovPal"
0xe52c39327ff7576baec3dbfef0787bd62db6d726,115747.22376054624,"eth.limo - basic,blockful - basic,Unruggable - basic,Namespace,JustaName,Ethereum Identity Fnd - basic,Unicorn.eth,Decent,NONE BELOW,Lighthouse Labs,Enscribe,x23.ai,WebHash,AlphaGrowth - basic,AlphaGrowth - ext,Unruggable - ext,GovPal,Namestone,PYOR,eth.limo - ext,Wildcard Labs - basic,Wildcard Labs - ext,NameHash Labs,blockful - ext,ZK Email - basic,ZK Email - ext,Web3bio,Curia Lab,Agora - basic,Agora - ext,Ethereum Identity Fnd - ext,3DNS - basic,3DNS - ext,dWeb.host - basic,dWeb.host - ext,Tally"
0x983110309620d911731ac0932219af06091b6744,108463.29966240439,"Ethereum Identity Fnd - basic,Ethereum Identity Fnd - ext,eth.limo - basic,eth.limo - ext,Unruggable - basic,Namestone,blockful - basic,Namespace,Unicorn.eth,JustaName,NameHash Labs,Agora - basic,ZK Email - basic,WebHash,NONE BELOW,Tally,Enscribe,Unruggable - ext,Agora - ext,ZK Email - ext,blockful - ext,Wildcard Labs - basic,Wildcard Labs - ext,AlphaGrowth - basic,AlphaGrowth - ext,x23.ai,Lighthouse Labs,Decent,Curia Lab,GovPal,3DNS - basic,3DNS - ext,Web3bio,PYOR,dWeb.host - basic,dWeb.host - ext"
0xd5d171a9aa125af13216c3213b5a9fc793fccf2c,64611.76712642841,"eth.limo - basic,eth.limo - ext,Namespace,Ethereum Identity Fnd - basic,Ethereum Identity Fnd - ext,Web3bio,WebHash,Namestone,Tally,NONE BELOW,Unruggable - basic,Unruggable - ext,ZK Email - basic,ZK Email - ext,NameHash Labs,Curia Lab,JustaName,Agora - basic,Agora - ext,blockful - basic,blockful - ext,dWeb.host - basic,dWeb.host - ext,3DNS - basic,3DNS - ext,Wildcard Labs - basic,Wildcard Labs - ext,Decent,Lighthouse Labs,AlphaGrowth - basic,AlphaGrowth - ext,PYOR,GovPal,x23.ai,Enscribe,Unicorn.eth"
0xa8b4756959e1192042fc2a8a103dfe2bddf128e8,40505,"Ethereum Identity Fnd - basic,Ethereum Identity Fnd - ext,eth.limo - basic,Enscribe,NONE BELOW,Tally,blockful - basic,Decent,NameHash Labs,ZK Email - basic,Agora - ext,Unruggable - ext,ZK Email - ext,PYOR,GovPal,Namestone,dWeb.host - basic,Namespace,Wildcard Labs - ext,Unruggable - basic,Agora - basic,JustaName,AlphaGrowth - ext,Curia Lab,blockful - ext,x23.ai,Unicorn.eth,3DNS - basic,Wildcard Labs - basic,WebHash,dWeb.host - ext,AlphaGrowth - basic,Lighthouse Labs,3DNS - ext,Web3bio,eth.limo - ext"
0xbce35d5a3e89995730b3c979a01319d06e41776f,35081.35204855378,"eth.limo - basic,Ethereum Identity Fnd - basic,blockful - basic,eth.limo - ext,Ethereum Identity Fnd - ext,NameHash Labs,blockful - ext,ZK Email - basic,ZK Email - ext,Tally,Unicorn.eth,WebHash,PYOR,Curia Lab,Unruggable - ext,Agora - basic,x23.ai,AlphaGrowth - ext,Agora - ext,3DNS - basic,Web3bio,Wildcard Labs - basic,AlphaGrowth - basic,Wildcard Labs - ext,Namestone,NONE BELOW,Enscribe,dWeb.host - ext,Decent,Unruggable - basic,Lighthouse Labs,dWeb.host - basic,JustaName,3DNS - ext,GovPal,Namespace"
0x2e11e3b40ca0c4aba93a2cd7c9046394b8dd7501,20000,"Enscribe,NameHash Labs,Ethereum Identity Fnd - basic,Namespace,Unruggable - basic,JustaName,blockful - basic,ZK Email - basic,Namestone,eth.limo - basic,NONE BELOW,GovPal,Web3bio,blockful - ext,AlphaGrowth - basic,PYOR,Curia Lab,AlphaGrowth - ext,3DNS - basic,ZK Email - ext,Agora - basic,Tally,Unicorn.eth,eth.limo - ext,Unruggable - ext,Decent,3DNS - ext,dWeb.host - basic,x23.ai,Lighthouse Labs,Agora - ext,dWeb.host - ext,Wildcard Labs - basic,Ethereum Identity Fnd - ext,Wildcard Labs - ext,WebHash"
0xf3427890604bc8be673517b9dde1bab548ae3329,14765.341651604538,"eth.limo - basic,Namestone,blockful - basic,Ethereum Identity Fnd - basic,ZK Email - basic,JustaName,Web3bio,eth.limo - ext,NONE BELOW,Enscribe,Namespace,3DNS - basic,Tally,Agora - basic,Unruggable - basic,Unicorn.eth,NameHash Labs,WebHash,Ethereum Identity Fnd - ext,ZK Email - ext,Wildcard Labs - basic,blockful - ext,Unruggable - ext,dWeb.host - basic,Lighthouse Labs,x23.ai,Curia Lab,Decent,AlphaGrowth - basic,PYOR,GovPal,3DNS - ext,dWeb.host - ext,Agora - ext,AlphaGrowth - ext,Wildcard Labs - ext"
0xe2cded674643743ec1316858dfd4fd2116932e63,10000,"Ethereum Identity Fnd - basic,Ethereum Identity Fnd - ext,eth.limo - basic,eth.limo - ext,Unruggable - basic,Namestone,blockful - basic,Namespace,Unicorn.eth,JustaName,NameHash Labs,Agora - basic,ZK Email - basic,WebHash,NONE BELOW,Tally,ZK Email - ext,blockful - ext,Agora - ext,Unruggable - ext,Enscribe,3DNS - basic,3DNS - ext,Wildcard Labs - basic,Wildcard Labs - ext,Curia Lab,PYOR,GovPal,Web3bio,AlphaGrowth - basic,AlphaGrowth - ext,Decent,dWeb.host - basic,dWeb.host - ext,x23.ai,Lighthouse Labs"
0x8d07d225a769b7af3a923481e1fdf49180e6a265,7766.936324454915,"Tally,eth.limo - basic,eth.limo - ext,NONE BELOW,3DNS - basic,3DNS - ext,WebHash,Decent,dWeb.host - basic,dWeb.host - ext,JustaName,Unruggable - basic,Unruggable - ext,ZK Email - basic,ZK Email - ext,Ethereum Identity Fnd - basic,Ethereum Identity Fnd - ext,x23.ai,Agora - basic,Agora - ext,GovPal,Web3bio,Enscribe,Unicorn.eth,Namespace,PYOR,Lighthouse Labs,AlphaGrowth - basic,AlphaGrowth - ext,blockful - basic,blockful - ext,Namestone,Curia Lab,NameHash Labs,Wildcard Labs - basic,Wildcard Labs - ext"
0x3335cc8bda40fb5a5f8db1d0011dec98728d81e1,4852.777474673372,"Unruggable - basic,Unruggable - ext,Ethereum Identity Fnd - basic,Ethereum Identity Fnd - ext,NameHash Labs,Namespace,3DNS - basic,blockful - basic,WebHash,eth.limo - basic,JustaName,Tally,Enscribe,x23.ai,Web3bio,Agora - basic,Agora - ext,Unicorn.eth,dWeb.host - basic,dWeb.host - ext,ZK Email - basic,ZK Email - ext,Lighthouse Labs,Curia Lab,Namestone,Wildcard Labs - basic,Wildcard Labs - ext,Decent,PYOR,AlphaGrowth - basic,AlphaGrowth - ext,GovPal,NONE BELOW,blockful - ext,3DNS - ext,eth.limo - ext"
0x5c04e7808455ee0e22c2773328c151d0dd79dc62,2305.836170539477,"Ethereum Identity Fnd - basic,Ethereum Identity Fnd - ext,Tally,eth.limo - basic,Agora - basic,Agora - ext,NONE BELOW,eth.limo - ext,dWeb.host - basic,dWeb.host - ext,WebHash,Namespace,Unruggable - basic,Unruggable - ext,NameHash Labs,Curia Lab,GovPal,Lighthouse Labs,Namestone,JustaName,Decent,Unicorn.eth,Web3bio,Enscribe,AlphaGrowth - basic,AlphaGrowth - ext,3DNS - basic,3DNS - ext,x23.ai,Wildcard Labs - basic,Wildcard Labs - ext,ZK Email - basic,ZK Email - ext,PYOR,blockful - basic,blockful - ext"
0xac50ce326de14ddf9b7e9611cd2f33a1af8ac039,2000,"Unruggable - basic,Unruggable - ext,WebHash,Namespace,Lighthouse Labs,JustaName,ZK Email - basic,Ethereum Identity Fnd - basic,blockful - basic,eth.limo - basic,NONE BELOW,Tally,blockful - ext,Curia Lab,3DNS - basic,3DNS - ext,Wildcard Labs - basic,Wildcard Labs - ext,Unicorn.eth,PYOR,ZK Email - ext,NameHash Labs,Namestone,GovPal,Decent,Web3bio,dWeb.host - basic,dWeb.host - ext,Enscribe,AlphaGrowth - basic,AlphaGrowth - ext,Agora - basic,Agora - ext,x23.ai,Ethereum Identity Fnd - ext,eth.limo - ext"
0x179a862703a4adfb29896552df9e307980d19285,1700,"Namestone,eth.limo - basic,Ethereum Identity Fnd - basic,blockful - basic,NameHash Labs,JustaName,Namespace,Unruggable - basic,NONE BELOW,Unruggable - ext,AlphaGrowth - basic,AlphaGrowth - ext,Enscribe,dWeb.host - basic,dWeb.host - ext,Ethereum Identity Fnd - ext,Unicorn.eth,Decent,Curia Lab,Wildcard Labs - basic,Wildcard Labs - ext,x23.ai,blockful - ext,Tally,GovPal,PYOR,Agora - basic,Agora - ext,ZK Email - basic,ZK Email - ext,WebHash,Web3bio,3DNS - basic,3DNS - ext,Lighthouse Labs,eth.limo - ext"
0x4bd3d08bae19c45b3bce064bfec0d5865baf458a,537.9946348165821,"eth.limo - ext,Curia Lab,Web3bio,Agora - ext,PYOR,GovPal,NONE BELOW,dWeb.host - basic,3DNS - basic,blockful - ext,Agora - basic,Namestone,AlphaGrowth - basic,Unruggable - ext,Lighthouse Labs,Unruggable - basic,Ethereum Identity Fnd - basic,ZK Email - ext,Namespace,Wildcard Labs - basic,NameHash Labs,Wildcard Labs - ext,Decent,Enscribe,WebHash,dWeb.host - ext,Unicorn.eth,AlphaGrowth - ext,blockful - basic,ZK Email - basic,Tally,Ethereum Identity Fnd - ext,3DNS - ext,x23.ai,JustaName,eth.limo - basic"
0x76a6d08b82034b397e7e09dae4377c18f132bbb8,517.44003482,"NONE BELOW,Curia Lab,Agora - basic,Agora - ext,blockful - basic,blockful - ext,Ethereum Identity Fnd - basic,Ethereum Identity Fnd - ext,JustaName,Decent,WebHash,ZK Email - basic,ZK Email - ext,Web3bio,Enscribe,Lighthouse Labs,AlphaGrowth - basic,AlphaGrowth - ext,eth.limo - basic,eth.limo - ext,x23.ai,Unruggable - basic,Unruggable - ext,Unicorn.eth,3DNS - basic,3DNS - ext,NameHash Labs,Wildcard Labs - basic,Wildcard Labs - ext,Namespace,Namestone,PYOR,GovPal,dWeb.host - basic,dWeb.host - ext,Tally"
0x53c40473dcdfd927c4201ccfe24e314a7d7c3584,342.35408208501434,"x23.ai,Tally,3DNS - ext,WebHash,ZK Email - ext,Unicorn.eth,Web3bio,Decent,Namestone,AlphaGrowth - basic,Agora - basic,Curia Lab,JustaName,NONE BELOW,Namespace,Agora - ext,PYOR,Ethereum Identity Fnd - ext,NameHash Labs,Wildcard Labs - ext,Unruggable - basic,3DNS - basic,eth.limo - ext,Wildcard Labs - basic,dWeb.host - basic,eth.limo - basic,GovPal,Unruggable - ext,Enscribe,blockful - basic,Ethereum Identity Fnd - basic,ZK Email - basic,Lighthouse Labs,AlphaGrowth - ext,dWeb.host - ext,blockful - ext"
0x36a8d3bbd2f84d163b19cf8432a8557442918d11,65.81058362967086,"ZK Email - basic,Curia Lab,eth.limo - ext,Tally,blockful - ext,AlphaGrowth - ext,Unruggable - basic,3DNS - ext,JustaName,Decent,dWeb.host - ext,Namespace,Wildcard Labs - basic,NONE BELOW,Ethereum Identity Fnd - basic,NameHash Labs,Web3bio,Lighthouse Labs,Agora - ext,Wildcard Labs - ext,dWeb.host - basic,GovPal,Namestone,3DNS - basic,Enscribe,Unruggable - ext,PYOR,Ethereum Identity Fnd - ext,x23.ai,AlphaGrowth - basic,Unicorn.eth,WebHash,blockful - basic,eth.limo - basic,Agora - basic,ZK Email - ext"
0xca7a6a53d5576102765a0281c723f863d881dc96,21.05,"ZK Email - ext,Namestone,WebHash,Agora - ext,Ethereum Identity Fnd - basic,Curia Lab,eth.limo - basic,NameHash Labs,AlphaGrowth - basic,ZK Email - basic,Agora - basic,Lighthouse Labs,Wildcard Labs - ext,blockful - basic,Unruggable - basic,Enscribe,Unruggable - ext,blockful - ext,dWeb.host - basic,Web3bio,AlphaGrowth - ext,NONE BELOW,JustaName,eth.limo - ext,Ethereum Identity Fnd - ext,Tally,x23.ai,PYOR,dWeb.host - ext,Namespace,Wildcard Labs - basic,GovPal,3DNS - basic,Unicorn.eth,Decent,3DNS - ext"
0x019ed608dd806b80193942f2a960e7ac8abb2ee3,15,"eth.limo - basic,Tally,dWeb.host - ext,Ethereum Identity Fnd - ext,Web3bio,Unicorn.eth,JustaName,Enscribe,Wildcard Labs - ext,Wildcard Labs - basic,AlphaGrowth - basic,PYOR,Curia Lab,dWeb.host - basic,Namestone,Ethereum Identity Fnd - basic,Namespace,Lighthouse Labs,ZK Email - basic,Unruggable - ext,x23.ai,Decent,NONE BELOW,NameHash Labs,blockful - ext,Agora - basic,Agora - ext,Unruggable - basic,GovPal,blockful - basic,ZK Email - ext,3DNS - basic,AlphaGrowth - ext,WebHash,eth.limo - ext,3DNS - ext"
0xe0e216283eef00895b6abaa73848448596b85724,10,"Curia Lab,Wildcard Labs - ext,AlphaGrowth - basic,Wildcard Labs - basic,AlphaGrowth - ext,GovPal,PYOR,dWeb.host - ext,ZK Email - ext,eth.limo - basic,dWeb.host - basic,3DNS - ext,Tally,blockful - basic,WebHash,Namestone,Ethereum Identity Fnd - ext,Ethereum Identity Fnd - basic,NameHash Labs,Unruggable - basic,Enscribe,Agora - ext,Decent,Namespace,Unruggable - ext,eth.limo - ext,Unicorn.eth,ZK Email - basic,Agora - basic,Lighthouse Labs,3DNS - basic,Web3bio,x23.ai,NONE BELOW,blockful - ext,JustaName"
0xe7ab68392b3ae1733313ccc379e244de4aebad49,2.86750323875689,"Namestone,eth.limo - ext,Lighthouse Labs,GovPal,Web3bio,AlphaGrowth - ext,Unruggable - ext,blockful - basic,NONE BELOW,PYOR,Curia Lab,3DNS - basic,Ethereum Identity Fnd - ext,ZK Email - basic,Namespace,dWeb.host - basic,Unruggable - basic,x23.ai,JustaName,dWeb.host - ext,Agora - basic,Agora - ext,Wildcard Labs - basic,Enscribe,Ethereum Identity Fnd - basic,eth.limo - basic,Unicorn.eth,3DNS - ext,NameHash Labs,Tally,ZK Email - ext,WebHash,AlphaGrowth - basic,blockful - ext,Decent,Wildcard Labs - ext"
0xfe3fd57379b65ba4b0fe1e481e07e969153acae1,2.278866305740194,"Unruggable - ext,Tally,dWeb.host - basic,Web3bio,3DNS - ext,Namespace,Lighthouse Labs,Ethereum Identity Fnd - basic,Wildcard Labs - basic,Decent,eth.limo - ext,Enscribe,JustaName,WebHash,AlphaGrowth - basic,3DNS - basic,ZK Email - basic,NONE BELOW,Namestone,PYOR,Ethereum Identity Fnd - ext,blockful - basic,Agora - basic,ZK Email - ext,blockful - ext,x23.ai,dWeb.host - ext,Unicorn.eth,Wildcard Labs - ext,Agora - ext,GovPal,Curia Lab,AlphaGrowth - ext,NameHash Labs,eth.limo - basic,Unruggable - basic"
0x9d5765595a92c560c8759d2a9c375c66123765a5,2.1,"Ethereum Identity Fnd - basic,Wildcard Labs - basic,Unicorn.eth,NameHash Labs,Agora - ext,Lighthouse Labs,blockful - basic,AlphaGrowth - basic,Decent,Agora - basic,3DNS - basic,dWeb.host - ext,Unruggable - basic,Web3bio,GovPal,Enscribe,3DNS - ext,Namestone,x23.ai,eth.limo - basic,ZK Email - ext,JustaName,PYOR,Unruggable - ext,AlphaGrowth - ext,Curia Lab,WebHash,Wildcard Labs - ext,Namespace,blockful - ext,dWeb.host - basic,Ethereum Identity Fnd - ext,ZK Email - basic,Tally,eth.limo - ext,NONE BELOW"
0x8f3f560beb2b53a24a0383badc122dda1563ee8c,2.0000000000000226,"Namestone,NONE BELOW,Agora - basic,Agora - ext,Wildcard Labs - basic,Wildcard Labs - ext,Lighthouse Labs,Enscribe,blockful - basic,blockful - ext,3DNS - basic,3DNS - ext,Web3bio,eth.limo - basic,eth.limo - ext,ZK Email - basic,ZK Email - ext,Tally,GovPal,PYOR,NameHash Labs,Unruggable - basic,Unruggable - ext,Namespace,JustaName,Ethereum Identity Fnd - basic,Ethereum Identity Fnd - ext,x23.ai,Unicorn.eth,AlphaGrowth - basic,AlphaGrowth - ext,Decent,Curia Lab,WebHash,dWeb.host - basic,dWeb.host - ext"
0xa30e48c7826eed00223224dfde038347b983f0f1,1.5243123662012072,"Unicorn.eth,Agora - basic,Namestone,Decent,GovPal,Tally,AlphaGrowth - ext,3DNS - basic,dWeb.host - basic,ZK Email - ext,blockful - basic,x23.ai,NONE BELOW,JustaName,PYOR,WebHash,Enscribe,Unruggable - ext,3DNS - ext,blockful - ext,ZK Email - basic,Unruggable - basic,Wildcard Labs - basic,Namespace,Wildcard Labs - ext,Web3bio,dWeb.host - ext,eth.limo - basic,Ethereum Identity Fnd - basic,NameHash Labs,Ethereum Identity Fnd - ext,Curia Lab,Agora - ext,Lighthouse Labs,eth.limo - ext,AlphaGrowth - basic"
0x768e4afbb8e8a8252aca1d35b6b2537e3df3caa4,1.3696093573960273,"Ethereum Identity Fnd - ext,eth.limo - basic,NONE BELOW,blockful - ext,JustaName,Unicorn.eth,Enscribe,Unruggable - basic,Wildcard Labs - basic,Curia Lab,Tally,Wildcard Labs - ext,Ethereum Identity Fnd - basic,Agora - ext,blockful - basic,AlphaGrowth - ext,ZK Email - ext,3DNS - basic,Namestone,PYOR,3DNS - ext,WebHash,Lighthouse Labs,GovPal,Namespace,Unruggable - ext,ZK Email - basic,NameHash Labs,dWeb.host - basic,x23.ai,dWeb.host - ext,Decent,eth.limo - ext,Web3bio,AlphaGrowth - basic,Agora - basic"
0x4d9ba778b7f121e58e5d3bb6aef514e035a7c7f5,1.3695519310567361,"Tally,eth.limo - basic,AlphaGrowth - ext,PYOR,JustaName,x23.ai,Lighthouse Labs,NameHash Labs,Decent,Agora - basic,3DNS - ext,Unicorn.eth,blockful - ext,Wildcard Labs - ext,AlphaGrowth - basic,NONE BELOW,Agora - ext,Enscribe,Wildcard Labs - basic,3DNS - basic,blockful - basic,Namestone,Curia Lab,WebHash,Web3bio,dWeb.host - ext,Namespace,dWeb.host - basic,eth.limo - ext,Ethereum Identity Fnd - basic,GovPal,ZK Email - basic,Ethereum Identity Fnd - ext,Unruggable - basic,Unruggable - ext,ZK Email - ext"
0x875bde4c417e22035c03bac45bb953d8000aba70,1.3119,"JustaName,Decent,Namespace,WebHash,Unicorn.eth,ZK Email - ext,Lighthouse Labs,Enscribe,Agora - basic,Ethereum Identity Fnd - basic,blockful - ext,Unruggable - basic,Agora - ext,Curia Lab,AlphaGrowth - basic,3DNS - ext,x23.ai,Namestone,ZK Email - basic,Wildcard Labs - ext,blockful - basic,dWeb.host - ext,NameHash Labs,dWeb.host - basic,eth.limo - ext,NONE BELOW,AlphaGrowth - ext,PYOR,Unruggable - ext,3DNS - basic,Wildcard Labs - basic,eth.limo - basic,Ethereum Identity Fnd - ext,GovPal,Tally,Web3bio"
0xa8f5f683d7c5cff64b030a8303a32e0fcacee18f,1.305,"Ethereum Identity Fnd - basic,Lighthouse Labs,AlphaGrowth - ext,Namestone,Agora - ext,eth.limo - basic,3DNS - ext,Agora - basic,JustaName,Curia Lab,PYOR,eth.limo - ext,Ethereum Identity Fnd - ext,Web3bio,NONE BELOW,Wildcard Labs - basic,Tally,dWeb.host - basic,AlphaGrowth - basic,ZK Email - basic,blockful - ext,Namespace,x23.ai,3DNS - basic,ZK Email - ext,Unruggable - ext,Wildcard Labs - ext,Decent,Enscribe,WebHash,blockful - basic,NameHash Labs,dWeb.host - ext,Unruggable - basic,GovPal,Unicorn.eth"
0x8bb9d5908cdce82915a847fbb34fd93e1e50ccc2,1.2883298968592876,"Tally,Decent,eth.limo - ext,PYOR,Unruggable - ext,Lighthouse Labs,ZK Email - basic,dWeb.host - ext,eth.limo - basic,blockful - ext,blockful - basic,AlphaGrowth - ext,Unruggable - basic,ZK Email - ext,Agora - ext,Agora - basic,Enscribe,GovPal,Wildcard Labs - basic,Ethereum Identity Fnd - basic,NameHash Labs,JustaName,AlphaGrowth - basic,Unicorn.eth,Web3bio,dWeb.host - basic,WebHash,Wildcard Labs - ext,x23.ai,NONE BELOW,Ethereum Identity Fnd - ext,Namestone,3DNS - ext,Namespace,3DNS - basic,Curia Lab"
0xd08da3621a547d7d7cb07425e6aa6679c566e40f,1.2225067698445786,"Tally,Enscribe,GovPal,NameHash Labs,Namespace,WebHash,NONE BELOW,Ethereum Identity Fnd - basic,3DNS - ext,AlphaGrowth - ext,eth.limo - ext,dWeb.host - ext,Wildcard Labs - ext,Decent,JustaName,blockful - ext,x23.ai,Curia Lab,Web3bio,blockful - basic,Agora - basic,Unicorn.eth,Unruggable - basic,ZK Email - basic,AlphaGrowth - basic,Namestone,eth.limo - basic,Lighthouse Labs,3DNS - basic,ZK Email - ext,dWeb.host - basic,Unruggable - ext,PYOR,Ethereum Identity Fnd - ext,Wildcard Labs - basic,Agora - ext"
0x2f2f665974261c4129b1dc6c359bd259cd66f78a,1.1969834823104752,"eth.limo - ext,NONE BELOW,Decent,Curia Lab,AlphaGrowth - ext,dWeb.host - ext,JustaName,Agora - basic,Web3bio,3DNS - ext,Tally,Wildcard Labs - ext,Unicorn.eth,ZK Email - ext,Unruggable - basic,Agora - ext,Lighthouse Labs,3DNS - basic,GovPal,x23.ai,Ethereum Identity Fnd - basic,NameHash Labs,Namestone,dWeb.host - basic,ZK Email - basic,Enscribe,Unruggable - ext,blockful - basic,Wildcard Labs - basic,blockful - ext,Namespace,WebHash,PYOR,Ethereum Identity Fnd - ext,AlphaGrowth - basic,eth.limo - basic"
0xbfd14b2201065b5b501975a7d132f4a299704f66,1.1597606,"dWeb.host - ext,GovPal,eth.limo - basic,Unicorn.eth,Namestone,dWeb.host - basic,Agora - ext,Ethereum Identity Fnd - basic,3DNS - basic,Unruggable - ext,NameHash Labs,NONE BELOW,AlphaGrowth - ext,3DNS - ext,Enscribe,WebHash,eth.limo - ext,AlphaGrowth - basic,Agora - basic,blockful - basic,JustaName,Tally,ZK Email - ext,Web3bio,Wildcard Labs - basic,Unruggable - basic,blockful - ext,Namespace,Wildcard Labs - ext,PYOR,ZK Email - basic,x23.ai,Lighthouse Labs,Decent,Curia Lab,Ethereum Identity Fnd - ext"
0x14af1478455c4581ea8c0e005dd55db79fad2531,1.0821283287117147,"Agora - ext,dWeb.host - basic,blockful - ext,NameHash Labs,Unicorn.eth,Decent,Lighthouse Labs,Unruggable - basic,3DNS - ext,Wildcard Labs - ext,dWeb.host - ext,x23.ai,Enscribe,GovPal,Web3bio,ZK Email - ext,JustaName,Tally,eth.limo - ext,3DNS - basic,Ethereum Identity Fnd - ext,Wildcard Labs - basic,Curia Lab,Namespace,AlphaGrowth - ext,Namestone,WebHash,Ethereum Identity Fnd - basic,blockful - basic,PYOR,eth.limo - basic,NONE BELOW,Agora - basic,ZK Email - basic,AlphaGrowth - basic,Unruggable - ext"
0x3fb19771947072629c8eee7995a2ef23b72d4c8a,1.0795488205616222,"Agora - basic,AlphaGrowth - basic,Tally,Curia Lab,AlphaGrowth - ext,Agora - ext,NONE BELOW,Wildcard Labs - basic,3DNS - basic,eth.limo - basic,JustaName,Web3bio,blockful - basic,blockful - ext,Ethereum Identity Fnd - basic,Lighthouse Labs,x23.ai,Unicorn.eth,dWeb.host - basic,Enscribe,Namestone,ZK Email - basic,WebHash,Wildcard Labs - ext,eth.limo - ext,3DNS - ext,GovPal,ZK Email - ext,Ethereum Identity Fnd - ext,Unruggable - ext,Namespace,Decent,NameHash Labs,dWeb.host - ext,Unruggable - basic,PYOR"
0xb3bfc42a7826d3558caea6179a258f5c0cd36ce4,1.0552831494723287,"Wildcard Labs - basic,Web3bio,JustaName,Unicorn.eth,NameHash Labs,Agora - ext,Wildcard Labs - ext,WebHash,x23.ai,dWeb.host - ext,Namestone,NONE BELOW,Agora - basic,eth.limo - ext,Lighthouse Labs,Tally,3DNS - ext,Ethereum Identity Fnd - ext,PYOR,ZK Email - basic,3DNS - basic,ZK Email - ext,dWeb.host - basic,blockful - basic,Unruggable - ext,Unruggable - basic,Decent,Ethereum Identity Fnd - basic,Curia Lab,GovPal,blockful - ext,AlphaGrowth - ext,Enscribe,Namespace,AlphaGrowth - basic,eth.limo - basic"
0x9a0f21b00d45856bf67be52d822fa3d4f8888de8,1.0352906344526551,"eth.limo - basic,eth.limo - ext,Ethereum Identity Fnd - ext,Ethereum Identity Fnd - basic,ZK Email - ext,x23.ai,ZK Email - basic,Curia Lab,Wildcard Labs - ext,Unicorn.eth,Decent,Enscribe,dWeb.host - ext,GovPal,Unruggable - ext,JustaName,WebHash,blockful - basic,Namestone,Wildcard Labs - basic,3DNS - basic,AlphaGrowth - ext,Tally,blockful - ext,Unruggable - basic,dWeb.host - basic,NameHash Labs,3DNS - ext,PYOR,AlphaGrowth - basic,Agora - ext,Agora - basic,Namespace,Lighthouse Labs,Web3bio,NONE BELOW"
0xfdab3be33284ef68442f55535ffc0b1fcbad2b62,1.0348500189144842,"dWeb.host - basic,NameHash Labs,NONE BELOW,WebHash,Agora - ext,x23.ai,Unicorn.eth,dWeb.host - ext,3DNS - ext,AlphaGrowth - basic,Ethereum Identity Fnd - basic,3DNS - basic,PYOR,ZK Email - basic,Curia Lab,blockful - basic,Wildcard Labs - ext,Ethereum Identity Fnd - ext,eth.limo - basic,GovPal,Enscribe,ZK Email - ext,AlphaGrowth - ext,JustaName,Web3bio,eth.limo - ext,Namestone,Unruggable - basic,Tally,Decent,Lighthouse Labs,Agora - basic,blockful - ext,Namespace,Unruggable - ext,Wildcard Labs - basic"
0xc6d7208dadee4f431bd0f3f11e7d4c91ff51bfb2,1.0260701076188945,"eth.limo - basic,Ethereum Identity Fnd - basic,Ethereum Identity Fnd - ext,blockful - basic,Unruggable - basic,eth.limo - ext,blockful - ext,Namespace,Unicorn.eth,3DNS - basic,Enscribe,Agora - ext,WebHash,Agora - basic,Tally,Namestone,NameHash Labs,AlphaGrowth - ext,3DNS - ext,ZK Email - ext,Wildcard Labs - ext,ZK Email - basic,Lighthouse Labs,Curia Lab,JustaName,AlphaGrowth - basic,dWeb.host - basic,GovPal,dWeb.host - ext,Web3bio,Wildcard Labs - basic,x23.ai,Decent,PYOR,NONE BELOW,Unruggable - ext"
0x4d32d90d6535bd4e7eabaa27ee72932cb214bbfa,1.0067516867725497,"Wildcard Labs - basic,Wildcard Labs - ext,Ethereum Identity Fnd - basic,3DNS - basic,NONE BELOW,Unicorn.eth,Unruggable - basic,x23.ai,GovPal,dWeb.host - basic,AlphaGrowth - ext,Curia Lab,Web3bio,ZK Email - ext,JustaName,NameHash Labs,Namespace,eth.limo - ext,3DNS - ext,Enscribe,ZK Email - basic,blockful - ext,Lighthouse Labs,eth.limo - basic,WebHash,Tally,Agora - ext,PYOR,Agora - basic,Namestone,Ethereum Identity Fnd - ext,Decent,Unruggable - ext,dWeb.host - ext,blockful - basic,AlphaGrowth - basic"
0xc3a6f32c13d1400ff5cdc5bffd07a29268b7ba3b,1.0058466636486592,"NONE BELOW,Agora - basic,blockful - ext,Unicorn.eth,Unruggable - ext,JustaName,3DNS - ext,AlphaGrowth - basic,WebHash,eth.limo - ext,AlphaGrowth - ext,Unruggable - basic,PYOR,blockful - basic,Agora - ext,3DNS - basic,Tally,eth.limo - basic,ZK Email - basic,Enscribe,GovPal,Lighthouse Labs,ZK Email - ext,Namespace,Decent,NameHash Labs,Namestone,Web3bio,dWeb.host - ext,dWeb.host - basic,Ethereum Identity Fnd - ext,Ethereum Identity Fnd - basic,Wildcard Labs - basic,Wildcard Labs - ext,Curia Lab,x23.ai"
0x896212da5d35dbf0e7c57a37133f0c97033f82b5,1.0000000280014003,"JustaName,dWeb.host - ext,Wildcard Labs - ext,AlphaGrowth - basic,Ethereum Identity Fnd - basic,blockful - basic,blockful - ext,ZK Email - ext,Tally,Agora - basic,Namestone,Lighthouse Labs,Unruggable - basic,PYOR,Enscribe,NameHash Labs,eth.limo - ext,eth.limo - basic,Agora - ext,Curia Lab,3DNS - ext,Web3bio,GovPal,AlphaGrowth - ext,dWeb.host - basic,Namespace,3DNS - basic,WebHash,Ethereum Identity Fnd - ext,NONE BELOW,Wildcard Labs - basic,Unicorn.eth,Unruggable - ext,ZK Email - basic,x23.ai,Decent"
0x06c4865ab16c9c760622f19a313a2e637e2e66a2,1.0000000000000002,"NONE BELOW,WebHash,blockful - ext,dWeb.host - ext,GovPal,Unruggable - basic,PYOR,Web3bio,Unruggable - ext,eth.limo - basic,Wildcard Labs - ext,x23.ai,eth.limo - ext,Unicorn.eth,3DNS - ext,AlphaGrowth - basic,ZK Email - basic,3DNS - basic,dWeb.host - basic,AlphaGrowth - ext,Lighthouse Labs,NameHash Labs,Agora - basic,blockful - basic,Agora - ext,Namestone,Ethereum Identity Fnd - basic,JustaName,Tally,Wildcard Labs - basic,ZK Email - ext,Namespace,Enscribe,Ethereum Identity Fnd - ext,Curia Lab,Decent"
0xce5797d7e5baae1a6fff95fe340b32bd693c70f0,1,"blockful - basic,Wildcard Labs - ext,eth.limo - basic,Decent,Tally,Agora - basic,ZK Email - basic,NONE BELOW,Unruggable - basic,GovPal,Enscribe,3DNS - basic,eth.limo - ext,Namespace,Wildcard Labs - basic,Namestone,NameHash Labs,dWeb.host - ext,Web3bio,Agora - ext,Ethereum Identity Fnd - ext,AlphaGrowth - basic,Unruggable - ext,blockful - ext,PYOR,Lighthouse Labs,Ethereum Identity Fnd - basic,dWeb.host - basic,3DNS - ext,JustaName,Curia Lab,x23.ai,AlphaGrowth - ext,Unicorn.eth,WebHash,ZK Email - ext"
0x659f20ee4dea1f11f5c840c410337fbac3e5dadc,1,"Unruggable - ext,dWeb.host - basic,Unicorn.eth,eth.limo - basic,Wildcard Labs - ext,ZK Email - ext,Curia Lab,Agora - ext,AlphaGrowth - basic,Decent,blockful - basic,PYOR,ZK Email - basic,Tally,Agora - basic,dWeb.host - ext,x23.ai,eth.limo - ext,Ethereum Identity Fnd - basic,Ethereum Identity Fnd - ext,Namespace,3DNS - ext,GovPal,WebHash,Lighthouse Labs,Namestone,NameHash Labs,Unruggable - basic,Web3bio,NONE BELOW,blockful - ext,AlphaGrowth - ext,JustaName,Wildcard Labs - basic,Enscribe,3DNS - basic"
0x23c4111d6f85de542dd8ad911c7c3cc66e98faa7,1,"NONE BELOW,Unruggable - basic,WebHash,eth.limo - basic,Wildcard Labs - basic,Unicorn.eth,Enscribe,Namespace,Unruggable - ext,Ethereum Identity Fnd - basic,dWeb.host - ext,Namestone,dWeb.host - basic,Decent,PYOR,Web3bio,x23.ai,blockful - basic,eth.limo - ext,GovPal,Curia Lab,Agora - ext,ZK Email - basic,ZK Email - ext,3DNS - basic,Wildcard Labs - ext,3DNS - ext,blockful - ext,Ethereum Identity Fnd - ext,Lighthouse Labs,Tally,Agora - basic,NameHash Labs,AlphaGrowth - ext,AlphaGrowth - basic,JustaName"
0x61ff9cbe2d6ce98f4c8ecf3807339474f4c09630,1,"Tally,Ethereum Identity Fnd - basic,Ethereum Identity Fnd - ext,blockful - basic,eth.limo - basic,Unruggable - basic,Unicorn.eth,Wildcard Labs - basic,x23.ai,Wildcard Labs - ext,dWeb.host - basic,Unruggable - ext,3DNS - basic,JustaName,PYOR,Enscribe,3DNS - ext,Agora - ext,NameHash Labs,Curia Lab,blockful - ext,eth.limo - ext,dWeb.host - ext,Agora - basic,Namespace,AlphaGrowth - ext,Namestone,AlphaGrowth - basic,Lighthouse Labs,Web3bio,ZK Email - basic,Decent,WebHash,GovPal,NONE BELOW,ZK Email - ext"
0xd57dcb52b93dfd5133084779a4cbc57cbb9b6c32,1,"ZK Email - ext,Unruggable - basic,Wildcard Labs - ext,Ethereum Identity Fnd - ext,AlphaGrowth - basic,3DNS - ext,GovPal,3DNS - basic,Web3bio,Curia Lab,Enscribe,Ethereum Identity Fnd - basic,Decent,dWeb.host - basic,Unruggable - ext,JustaName,NONE BELOW,Namespace,Tally,Unicorn.eth,eth.limo - ext,NameHash Labs,Namestone,Wildcard Labs - basic,WebHash,blockful - basic,Agora - basic,Agora - ext,Lighthouse Labs,AlphaGrowth - ext,ZK Email - basic,dWeb.host - ext,x23.ai,PYOR,eth.limo - basic,blockful - ext"
0x92a848b0a1e5a92a8abe5345ec21ef87d86797ac,1,"Namespace,Tally,Web3bio,NONE BELOW,PYOR,Decent,Lighthouse Labs,Wildcard Labs - basic,Namestone,Unruggable - basic,dWeb.host - ext,AlphaGrowth - ext,Curia Lab,Agora - ext,Agora - basic,3DNS - basic,ZK Email - ext,WebHash,eth.limo - ext,Unruggable - ext,JustaName,blockful - ext,GovPal,Enscribe,Wildcard Labs - ext,blockful - basic,Ethereum Identity Fnd - ext,Ethereum Identity Fnd - basic,dWeb.host - basic,3DNS - ext,Unicorn.eth,x23.ai,eth.limo - basic,ZK Email - basic,AlphaGrowth - basic,NameHash Labs"
0x3426995466ccbfaa6bec5b929bf3403990525404,1,"Curia Lab,Agora - basic,Unruggable - ext,Namespace,ZK Email - ext,Agora - ext,ZK Email - basic,WebHash,eth.limo - ext,Lighthouse Labs,blockful - basic,Enscribe,dWeb.host - ext,Ethereum Identity Fnd - basic,3DNS - ext,dWeb.host - basic,Decent,Unruggable - basic,Tally,Web3bio,3DNS - basic,Wildcard Labs - ext,Wildcard Labs - basic,NameHash Labs,AlphaGrowth - basic,x23.ai,blockful - ext,Namestone,Ethereum Identity Fnd - ext,eth.limo - basic,PYOR,JustaName,AlphaGrowth - ext,NONE BELOW,GovPal,Unicorn.eth"
0xd71230207b61d8a72021b9fb509e469dc5ba1366,0.7209580632491459,"JustaName,AlphaGrowth - basic,Namestone,ZK Email - ext,dWeb.host - basic,WebHash,NameHash Labs,AlphaGrowth - ext,Agora - basic,blockful - basic,dWeb.host - ext,NONE BELOW,ZK Email - basic,eth.limo - ext,Agora - ext,x23.ai,PYOR,Ethereum Identity Fnd - basic,eth.limo - basic,Namespace,blockful - ext,3DNS - basic,Tally,3DNS - ext,Unruggable - ext,Web3bio,Unruggable - basic,Ethereum Identity Fnd - ext,Unicorn.eth,Lighthouse Labs,Curia Lab,Enscribe,Wildcard Labs - basic,Wildcard Labs - ext,GovPal,Decent"
0xe8eeeada50b535f415d630791f330dabf3870877,0.6,"NameHash Labs,JustaName,AlphaGrowth - basic,AlphaGrowth - ext,Unruggable - ext,Tally,ZK Email - ext,Agora - basic,Decent,eth.limo - ext,Namestone,Agora - ext,x23.ai,Wildcard Labs - ext,ZK Email - basic,dWeb.host - basic,3DNS - basic,3DNS - ext,WebHash,Ethereum Identity Fnd - ext,blockful - ext,Ethereum Identity Fnd - basic,eth.limo - basic,blockful - basic,Wildcard Labs - basic,Namespace,Unruggable - basic,Web3bio,PYOR,Unicorn.eth,Lighthouse Labs,Curia Lab,NONE BELOW,Enscribe,dWeb.host - ext,GovPal"
0x772f02d96a8baeeabb2f1d5f8f0250f44df76e91,0.5695066155641678,"Unicorn.eth,Agora - ext,Agora - basic,ZK Email - ext,Ethereum Identity Fnd - basic,Tally,Enscribe,GovPal,x23.ai,Web3bio,AlphaGrowth - ext,JustaName,Ethereum Identity Fnd - ext,blockful - ext,3DNS - ext,Namespace,Lighthouse Labs,eth.limo - ext,dWeb.host - basic,Wildcard Labs - basic,AlphaGrowth - basic,WebHash,Curia Lab,ZK Email - basic,NameHash Labs,Wildcard Labs - ext,PYOR,eth.limo - basic,blockful - basic,Unruggable - basic,Unruggable - ext,Decent,Namestone,dWeb.host - ext,3DNS - basic,NONE BELOW"
0xa7daa5f5d66e3d023c6b5ca3ca9e14ffe87e2990,0.50503695,"Web3bio,Ethereum Identity Fnd - basic,Namestone,eth.limo - basic,Lighthouse Labs,JustaName,Unruggable - ext,NONE BELOW,Curia Lab,AlphaGrowth - basic,NameHash Labs,WebHash,Enscribe,blockful - basic,dWeb.host - ext,x23.ai,ZK Email - basic,PYOR,Tally,Ethereum Identity Fnd - ext,Unicorn.eth,GovPal,3DNS - ext,dWeb.host - basic,Namespace,AlphaGrowth - ext,eth.limo - ext,ZK Email - ext,3DNS - basic,Agora - ext,Wildcard Labs - basic,Agora - basic,Unruggable - basic,blockful - ext,Decent,Wildcard Labs - ext"
0xaf9005861bb8e24a06960b2c389fa8e51a6c7b3b,0.3,"Ethereum Identity Fnd - basic,Enscribe,Agora - basic,ZK Email - basic,Unicorn.eth,PYOR,NameHash Labs,Wildcard Labs - ext,Decent,Namespace,Namestone,Ethereum Identity Fnd - ext,3DNS - ext,eth.limo - ext,Tally,Curia Lab,x23.ai,Wildcard Labs - basic,Lighthouse Labs,ZK Email - ext,dWeb.host - basic,AlphaGrowth - ext,3DNS - basic,JustaName,Unruggable - basic,eth.limo - basic,Agora - ext,Web3bio,blockful - basic,WebHash,Unruggable - ext,GovPal,NONE BELOW,blockful - ext,AlphaGrowth - basic,dWeb.host - ext"
0xed4ca23fe53a936f3b74906b731f730dfd269508,0.3,"AlphaGrowth - basic,JustaName,AlphaGrowth - ext,dWeb.host - ext,Unicorn.eth,Unruggable - ext,NameHash Labs,dWeb.host - basic,3DNS - basic,Namestone,GovPal,Tally,Ethereum Identity Fnd - ext,Agora - basic,blockful - ext,blockful - basic,ZK Email - basic,Curia Lab,Decent,Wildcard Labs - basic,eth.limo - ext,ZK Email - ext,Unruggable - basic,x23.ai,3DNS - ext,Wildcard Labs - ext,Agora - ext,Namespace,Ethereum Identity Fnd - basic,NONE BELOW,WebHash,eth.limo - basic,Enscribe,Lighthouse Labs,PYOR,Web3bio"
0x7f21b3e952ae82d10f66e03a9b39d198728a31e0,0.20661358209503233,"Unruggable - basic,AlphaGrowth - basic,NameHash Labs,AlphaGrowth - ext,Wildcard Labs - ext,JustaName,Unruggable - ext,Namespace,Unicorn.eth,Web3bio,Tally,eth.limo - basic,WebHash,NONE BELOW,Wildcard Labs - basic,x23.ai,dWeb.host - basic,Decent,Enscribe,PYOR,dWeb.host - ext,blockful - basic,Curia Lab,Lighthouse Labs,Agora - basic,Namestone,eth.limo - ext,blockful - ext,GovPal,Ethereum Identity Fnd - ext,ZK Email - basic,Agora - ext,3DNS - ext,ZK Email - ext,3DNS - basic,Ethereum Identity Fnd - basic"
0xbf0cc2ff9bde3fd8bac3e1bfe00c64e6b4578169,0.20265911903439798,"Ethereum Identity Fnd - basic,Ethereum Identity Fnd - ext,AlphaGrowth - ext,Agora - ext,Agora - basic,Wildcard Labs - ext,NameHash Labs,PYOR,Namespace,AlphaGrowth - basic,Lighthouse Labs,JustaName,dWeb.host - basic,WebHash,ZK Email - ext,eth.limo - ext,Web3bio,NONE BELOW,blockful - ext,Namestone,Unruggable - ext,x23.ai,3DNS - basic,3DNS - ext,ZK Email - basic,Wildcard Labs - basic,dWeb.host - ext,Unruggable - basic,Enscribe,Tally,eth.limo - basic,Decent,Curia Lab,GovPal,Unicorn.eth,blockful - basic"
0xea5bbad59c45a02ac0b0f48c9b4b7ccbccd73c36,0.14588900078431372,"3DNS - basic,Decent,NONE BELOW,Namespace,AlphaGrowth - basic,eth.limo - basic,blockful - ext,Web3bio,blockful - basic,NameHash Labs,JustaName,Ethereum Identity Fnd - ext,Unruggable - basic,Unruggable - ext,Tally,WebHash,Curia Lab,ZK Email - basic,Lighthouse Labs,Agora - basic,Agora - ext,ZK Email - ext,Wildcard Labs - ext,Enscribe,PYOR,Wildcard Labs - basic,dWeb.host - basic,Unicorn.eth,dWeb.host - ext,AlphaGrowth - ext,3DNS - ext,GovPal,Ethereum Identity Fnd - basic,Namestone,x23.ai,eth.limo - ext"
0xbef8f29e284b14817cf6e6a4e29fc93360ac9999,0.1,"3DNS - basic,AlphaGrowth - basic,JustaName,Enscribe,NameHash Labs,AlphaGrowth - ext,Tally,Curia Lab,Wildcard Labs - ext,3DNS - ext,blockful - basic,NONE BELOW,Web3bio,GovPal,Decent,ZK Email - ext,Ethereum Identity Fnd - basic,dWeb.host - ext,dWeb.host - basic,Wildcard Labs - basic,blockful - ext,Unruggable - ext,x23.ai,Ethereum Identity Fnd - ext,ZK Email - basic,Unicorn.eth,Agora - basic,eth.limo - basic,eth.limo - ext,Lighthouse Labs,Namestone,Agora - ext,PYOR,WebHash,Namespace,Unruggable - basic"
0x21ff9d23e14f3ec0cfc90fa624ef224418fcc5a8,0.1,"AlphaGrowth - basic,AlphaGrowth - ext,Enscribe,JustaName,NameHash Labs,Decent,PYOR,Ethereum Identity Fnd - basic,WebHash,Unicorn.eth,Wildcard Labs - ext,eth.limo - ext,Wildcard Labs - basic,3DNS - basic,Unruggable - ext,Web3bio,Lighthouse Labs,NONE BELOW,Unruggable - basic,Tally,Namespace,blockful - basic,dWeb.host - ext,Ethereum Identity Fnd - ext,eth.limo - basic,Agora - basic,x23.ai,Namestone,ZK Email - basic,Agora - ext,blockful - ext,3DNS - ext,GovPal,ZK Email - ext,dWeb.host - basic,Curia Lab"
0x147510ebb636d80bb080de8fbb3df2e925a26e15,0.1,"eth.limo - ext,Unicorn.eth,Agora - ext,Enscribe,NameHash Labs,JustaName,AlphaGrowth - basic,Tally,Namestone,AlphaGrowth - ext,dWeb.host - ext,3DNS - ext,Curia Lab,PYOR,GovPal,Decent,dWeb.host - basic,Wildcard Labs - ext,Wildcard Labs - basic,Ethereum Identity Fnd - basic,Unruggable - basic,Web3bio,Namespace,eth.limo - basic,ZK Email - basic,blockful - basic,Ethereum Identity Fnd - ext,Lighthouse Labs,NONE BELOW,Agora - basic,ZK Email - ext,Unruggable - ext,blockful - ext,WebHash,3DNS - basic,x23.ai"
0x7a04bd08fc016eaf2fa2090bf52ddc26012517a8,0.1,"NameHash Labs,ZK Email - basic,JustaName,Unruggable - basic,AlphaGrowth - basic,AlphaGrowth - ext,Wildcard Labs - basic,Unicorn.eth,Namestone,blockful - basic,Unruggable - ext,Agora - basic,eth.limo - ext,Namespace,NONE BELOW,Curia Lab,PYOR,eth.limo - basic,3DNS - ext,WebHash,Enscribe,Wildcard Labs - ext,dWeb.host - basic,Lighthouse Labs,Web3bio,Tally,blockful - ext,GovPal,ZK Email - ext,3DNS - basic,Ethereum Identity Fnd - ext,Agora - ext,dWeb.host - ext,x23.ai,Decent,Ethereum Identity Fnd - basic"
0x95d2538129c1fac1afebc5c765a406e5f28888f9,0.1,"AlphaGrowth - basic,Lighthouse Labs,AlphaGrowth - ext,NameHash Labs,3DNS - basic,JustaName,Namespace,Decent,WebHash,Unicorn.eth,Unruggable - ext,dWeb.host - basic,PYOR,GovPal,Wildcard Labs - basic,3DNS - ext,Wildcard Labs - ext,Namestone,Enscribe,Ethereum Identity Fnd - ext,Curia Lab,x23.ai,eth.limo - basic,eth.limo - ext,dWeb.host - ext,Unruggable - basic,Ethereum Identity Fnd - basic,blockful - basic,NONE BELOW,Tally,Web3bio,ZK Email - ext,Agora - basic,Agora - ext,blockful - ext,ZK Email - basic"
0xd248a27d2bbacb0ff7d8d92d48a62d6a090832ae,0.1,"x23.ai,NameHash Labs,JustaName,AlphaGrowth - basic,AlphaGrowth - ext,NONE BELOW,Wildcard Labs - basic,Tally,Unruggable - basic,Unicorn.eth,Lighthouse Labs,Agora - basic,Ethereum Identity Fnd - ext,ZK Email - basic,Decent,3DNS - ext,PYOR,Agora - ext,blockful - ext,Namespace,Namestone,Ethereum Identity Fnd - basic,Web3bio,ZK Email - ext,3DNS - basic,WebHash,Unruggable - ext,blockful - basic,eth.limo - ext,dWeb.host - ext,eth.limo - basic,GovPal,Wildcard Labs - ext,Curia Lab,Enscribe,dWeb.host - basic"
0x93e0990c31f0933ae4578901c4fce42ed3bcf6ee,0.1,"eth.limo - ext,GovPal,NameHash Labs,JustaName,AlphaGrowth - ext,NONE BELOW,AlphaGrowth - basic,ZK Email - ext,3DNS - basic,Enscribe,blockful - ext,Curia Lab,Ethereum Identity Fnd - basic,Agora - basic,3DNS - ext,WebHash,ZK Email - basic,x23.ai,eth.limo - basic,Wildcard Labs - basic,PYOR,blockful - basic,Lighthouse Labs,Namestone,Unicorn.eth,dWeb.host - ext,Namespace,Unruggable - ext,Agora - ext,Unruggable - basic,dWeb.host - basic,Ethereum Identity Fnd - ext,Wildcard Labs - ext,Web3bio,Tally,Decent"
0xa0d0d863ceaa8c65e579b75474c46dddc8e4604a,0.1,"AlphaGrowth - ext,AlphaGrowth - basic,WebHash,x23.ai,dWeb.host - basic,NameHash Labs,GovPal,Curia Lab,JustaName,Wildcard Labs - basic,Unruggable - ext,Ethereum Identity Fnd - ext,Lighthouse Labs,blockful - ext,Namespace,eth.limo - basic,3DNS - basic,dWeb.host - ext,Ethereum Identity Fnd - basic,Unicorn.eth,Enscribe,ZK Email - ext,Decent,eth.limo - ext,blockful - basic,Wildcard Labs - ext,Agora - ext,Tally,Agora - basic,NONE BELOW,Web3bio,Namestone,Unruggable - basic,PYOR,3DNS - ext,ZK Email - basic"
0xe6b84dad5d26de2712d0c524dab35610e71b452d,0.1,"NameHash Labs,Decent,JustaName,AlphaGrowth - ext,blockful - basic,AlphaGrowth - basic,Namespace,Curia Lab,Ethereum Identity Fnd - basic,Agora - ext,GovPal,3DNS - ext,blockful - ext,ZK Email - ext,Wildcard Labs - basic,Lighthouse Labs,dWeb.host - ext,Tally,Unruggable - basic,dWeb.host - basic,Agora - basic,x23.ai,ZK Email - basic,Unruggable - ext,Web3bio,eth.limo - basic,NONE BELOW,Ethereum Identity Fnd - ext,Enscribe,Unicorn.eth,3DNS - basic,Wildcard Labs - ext,eth.limo - ext,Namestone,PYOR,WebHash"
0x38dcfa6b1263c33fbbc2bafd4882a7dd5027472d,0.1,"AlphaGrowth - ext,AlphaGrowth - basic,WebHash,NameHash Labs,Agora - ext,PYOR,dWeb.host - ext,GovPal,Curia Lab,Unruggable - basic,Ethereum Identity Fnd - basic,ZK Email - basic,JustaName,Agora - basic,dWeb.host - basic,Lighthouse Labs,NONE BELOW,Web3bio,Ethereum Identity Fnd - ext,Namespace,Namestone,Tally,Wildcard Labs - basic,blockful - basic,Unicorn.eth,Decent,Unruggable - ext,x23.ai,Enscribe,Wildcard Labs - ext,eth.limo - basic,eth.limo - ext,blockful - ext,3DNS - ext,ZK Email - ext,3DNS - basic"
0x4d12a4aad451c3209ed3a660e463ba71fef37d7c,0.1,"NameHash Labs,JustaName,AlphaGrowth - ext,Unruggable - basic,AlphaGrowth - basic,eth.limo - ext,Web3bio,Wildcard Labs - ext,blockful - basic,ZK Email - basic,NONE BELOW,Agora - basic,WebHash,Lighthouse Labs,3DNS - basic,Namespace,ZK Email - ext,PYOR,Enscribe,dWeb.host - basic,Decent,Tally,Ethereum Identity Fnd - ext,Wildcard Labs - basic,blockful - ext,Ethereum Identity Fnd - basic,Curia Lab,dWeb.host - ext,eth.limo - basic,Agora - ext,Unruggable - ext,x23.ai,Unicorn.eth,Namestone,3DNS - ext,GovPal"
0xacc94d70faf5539197307bc6e01907e60d760b28,0.1,"AlphaGrowth - ext,Wildcard Labs - basic,AlphaGrowth - basic,JustaName,NameHash Labs,Wildcard Labs - ext,3DNS - ext,dWeb.host - basic,Web3bio,GovPal,Lighthouse Labs,ZK Email - basic,Tally,dWeb.host - ext,Namespace,Unruggable - basic,NONE BELOW,Enscribe,Ethereum Identity Fnd - ext,Curia Lab,Agora - basic,Ethereum Identity Fnd - basic,Decent,Agora - ext,WebHash,Namestone,3DNS - basic,x23.ai,PYOR,ZK Email - ext,Unicorn.eth,blockful - basic,eth.limo - basic,Unruggable - ext,blockful - ext,eth.limo - ext"
0xc4cd22191f27d2cbcab7ba7be07b3655688147bc,0.1,"AlphaGrowth - basic,JustaName,Agora - basic,AlphaGrowth - ext,Lighthouse Labs,NameHash Labs,Ethereum Identity Fnd - ext,ZK Email - basic,Web3bio,Tally,3DNS - ext,GovPal,x23.ai,NONE BELOW,Ethereum Identity Fnd - basic,Namestone,blockful - ext,ZK Email - ext,3DNS - basic,Wildcard Labs - ext,blockful - basic,eth.limo - basic,WebHash,Agora - ext,Wildcard Labs - basic,Unicorn.eth,Curia Lab,eth.limo - ext,Unruggable - ext,Unruggable - basic,PYOR,Namespace,Enscribe,dWeb.host - ext,Decent,dWeb.host - basic"
0xa6ac718a9bc4f265f6e1297168e55d05d3722bf3,0.1,"3DNS - basic,Wildcard Labs - basic,NameHash Labs,dWeb.host - ext,Unruggable - basic,JustaName,AlphaGrowth - ext,Agora - ext,Namestone,GovPal,x23.ai,AlphaGrowth - basic,Namespace,dWeb.host - basic,blockful - ext,Agora - basic,Wildcard Labs - ext,Unruggable - ext,WebHash,Lighthouse Labs,Web3bio,NONE BELOW,Curia Lab,3DNS - ext,ZK Email - ext,ZK Email - basic,PYOR,Tally,Ethereum Identity Fnd - ext,Decent,eth.limo - ext,Enscribe,Ethereum Identity Fnd - basic,blockful - basic,eth.limo - basic,Unicorn.eth"
0x1f8231ef50e99d361b5252a24ec2ec44285367e1,0.1,"dWeb.host - ext,Unicorn.eth,blockful - basic,Web3bio,Ethereum Identity Fnd - ext,GovPal,NameHash Labs,NONE BELOW,3DNS - ext,Ethereum Identity Fnd - basic,blockful - ext,Agora - ext,eth.limo - basic,PYOR,ZK Email - ext,eth.limo - ext,Unruggable - basic,AlphaGrowth - basic,WebHash,Unruggable - ext,3DNS - basic,Curia Lab,Enscribe,AlphaGrowth - ext,dWeb.host - basic,Namestone,ZK Email - basic,Tally,Namespace,Agora - basic,x23.ai,Wildcard Labs - ext,JustaName,Decent,Wildcard Labs - basic,Lighthouse Labs"
0x1523afb8e48cfad26700191495e2672f7140080f,0.1,"AlphaGrowth - basic,AlphaGrowth - ext,Enscribe,GovPal,x23.ai,Unruggable - ext,Curia Lab,ZK Email - basic,NameHash Labs,JustaName,NONE BELOW,Unicorn.eth,dWeb.host - ext,Web3bio,Namespace,blockful - basic,Lighthouse Labs,Agora - ext,Wildcard Labs - basic,Wildcard Labs - ext,Unruggable - basic,dWeb.host - basic,3DNS - ext,ZK Email - ext,eth.limo - basic,blockful - ext,WebHash,eth.limo - ext,3DNS - basic,Namestone,PYOR,Decent,Ethereum Identity Fnd - basic,Ethereum Identity Fnd - ext,Agora - basic,Tally"
0xee2acdcd6c9d46e216ccaab94899f26234d258a7,0.1,"NameHash Labs,Agora - ext,Web3bio,AlphaGrowth - basic,GovPal,JustaName,Agora - basic,AlphaGrowth - ext,dWeb.host - basic,blockful - basic,x23.ai,WebHash,Curia Lab,NONE BELOW,Lighthouse Labs,eth.limo - ext,Unruggable - ext,PYOR,Namespace,ZK Email - basic,ZK Email - ext,dWeb.host - ext,Ethereum Identity Fnd - basic,blockful - ext,Ethereum Identity Fnd - ext,Unicorn.eth,Decent,Wildcard Labs - basic,3DNS - basic,Enscribe,Namestone,Wildcard Labs - ext,Tally,Unruggable - basic,3DNS - ext,eth.limo - basic"
0x22ff9a5afa2b3e294154c561342c04f6293ccc99,0.06603691342270786,"Unruggable - basic,PYOR,Ethereum Identity Fnd - basic,NONE BELOW,Wildcard Labs - ext,GovPal,x23.ai,Decent,Curia Lab,Web3bio,blockful - basic,dWeb.host - ext,Enscribe,Namespace,JustaName,Lighthouse Labs,WebHash,ZK Email - basic,Wildcard Labs - basic,Namestone,blockful - ext,eth.limo - basic,Tally,eth.limo - ext,3DNS - basic,3DNS - ext,Unruggable - ext,AlphaGrowth - ext,dWeb.host - basic,ZK Email - ext,Unicorn.eth,AlphaGrowth - basic,Agora - basic,Agora - ext,NameHash Labs,Ethereum Identity Fnd - ext"
0x8c98c5cdf17ca4db1b2b322adbebea50d55f0fd6,0.06139126192226127,"GovPal,Ethereum Identity Fnd - basic,blockful - basic,dWeb.host - basic,eth.limo - basic,PYOR,NONE BELOW,Wildcard Labs - ext,Tally,Web3bio,JustaName,eth.limo - ext,3DNS - basic,Namespace,Agora - ext,Agora - basic,NameHash Labs,Lighthouse Labs,Wildcard Labs - basic,Decent,Curia Lab,Namestone,Unruggable - ext,blockful - ext,Ethereum Identity Fnd - ext,Enscribe,dWeb.host - ext,Unicorn.eth,ZK Email - ext,ZK Email - basic,WebHash,AlphaGrowth - ext,Unruggable - basic,AlphaGrowth - basic,x23.ai,3DNS - ext"
0xd9995dabb781dcc8ec408fea5f293712febf17db,0.05545114455346252,"Lighthouse Labs,Ethereum Identity Fnd - basic,Web3bio,Unicorn.eth,Wildcard Labs - ext,Namestone,eth.limo - ext,Unruggable - basic,x23.ai,Ethereum Identity Fnd - ext,Decent,dWeb.host - basic,Namespace,Unruggable - ext,Wildcard Labs - basic,NONE BELOW,3DNS - basic,Agora - ext,Agora - basic,Tally,NameHash Labs,Curia Lab,blockful - ext,WebHash,ZK Email - ext,eth.limo - basic,Enscribe,AlphaGrowth - basic,blockful - basic,AlphaGrowth - ext,JustaName,dWeb.host - ext,PYOR,ZK Email - basic,3DNS - ext,GovPal"
0x2bff0d5bc65b920806a50c5e27b879b05a6538ae,0.05526808758278201,"NONE BELOW,x23.ai,Decent,blockful - basic,Namespace,eth.limo - basic,Agora - basic,Agora - ext,blockful - ext,Unicorn.eth,Ethereum Identity Fnd - ext,Enscribe,WebHash,dWeb.host - basic,ZK Email - ext,Unruggable - ext,Namestone,AlphaGrowth - basic,Web3bio,Tally,Lighthouse Labs,PYOR,Wildcard Labs - basic,eth.limo - ext,AlphaGrowth - ext,Ethereum Identity Fnd - basic,Wildcard Labs - ext,dWeb.host - ext,Curia Lab,NameHash Labs,3DNS - ext,GovPal,Unruggable - basic,ZK Email - basic,3DNS - basic,JustaName"
0xefa9524ac8703db3a172c605210936a15ec166b1,0.055255750083167264,"NONE BELOW,Agora - basic,eth.limo - basic,Tally,Ethereum Identity Fnd - basic,Enscribe,ZK Email - ext,dWeb.host - basic,Ethereum Identity Fnd - ext,AlphaGrowth - ext,GovPal,blockful - basic,Web3bio,ZK Email - basic,Agora - ext,JustaName,dWeb.host - ext,Lighthouse Labs,Wildcard Labs - ext,Decent,Namespace,Curia Lab,NameHash Labs,blockful - ext,x23.ai,3DNS - basic,PYOR,3DNS - ext,Namestone,Wildcard Labs - basic,Unruggable - basic,Unicorn.eth,AlphaGrowth - basic,eth.limo - ext,Unruggable - ext,WebHash"
0xc5f705ca8f70acc5f3d3db9636558102f528a475,0.05277511697136615,"Decent,3DNS - basic,blockful - ext,Lighthouse Labs,Tally,Curia Lab,PYOR,NONE BELOW,Web3bio,Wildcard Labs - ext,Wildcard Labs - basic,Ethereum Identity Fnd - ext,eth.limo - basic,Agora - ext,Unruggable - basic,dWeb.host - basic,blockful - basic,Unruggable - ext,NameHash Labs,x23.ai,JustaName,Namespace,Agora - basic,AlphaGrowth - ext,Unicorn.eth,GovPal,Ethereum Identity Fnd - basic,dWeb.host - ext,ZK Email - basic,eth.limo - ext,Enscribe,Namestone,3DNS - ext,WebHash,AlphaGrowth - basic,ZK Email - ext"
0x88f659b4b6d5614b991c6404b34f821e10390ec0,0.05,"ZK Email - basic,NONE BELOW,Web3bio,Enscribe,Unruggable - ext,GovPal,Ethereum Identity Fnd - basic,PYOR,AlphaGrowth - basic,ZK Email - ext,Lighthouse Labs,eth.limo - basic,3DNS - ext,Unicorn.eth,Unruggable - basic,Agora - basic,Tally,Wildcard Labs - ext,Wildcard Labs - basic,Decent,Namespace,Curia Lab,AlphaGrowth - ext,x23.ai,eth.limo - ext,Agora - ext,dWeb.host - ext,WebHash,blockful - basic,Ethereum Identity Fnd - ext,NameHash Labs,JustaName,Namestone,dWeb.host - basic,blockful - ext,3DNS - basic"
0x463ba5667ac4aabd51e64f4f09963c81366bf3ac,0.04919716827759518,"JustaName,AlphaGrowth - ext,NONE BELOW,Unicorn.eth,3DNS - basic,Namestone,GovPal,NameHash Labs,WebHash,blockful - ext,ZK Email - basic,Web3bio,Ethereum Identity Fnd - basic,Unruggable - ext,Tally,blockful - basic,Wildcard Labs - basic,eth.limo - basic,PYOR,dWeb.host - ext,Wildcard Labs - ext,x23.ai,Lighthouse Labs,Agora - basic,Agora - ext,AlphaGrowth - basic,dWeb.host - basic,Enscribe,ZK Email - ext,Unruggable - basic,Decent,3DNS - ext,Namespace,eth.limo - ext,Ethereum Identity Fnd - ext,Curia Lab"
0x97b7a1f3a166ed11dd487837476286c2dc1c7591,0.04911701481064336,"eth.limo - basic,Wildcard Labs - ext,Enscribe,Lighthouse Labs,Unruggable - basic,Web3bio,NameHash Labs,x23.ai,Ethereum Identity Fnd - basic,WebHash,AlphaGrowth - ext,Agora - ext,Decent,eth.limo - ext,Unicorn.eth,3DNS - ext,Tally,Wildcard Labs - basic,PYOR,blockful - basic,ZK Email - basic,dWeb.host - basic,Namespace,blockful - ext,AlphaGrowth - basic,Agora - basic,NONE BELOW,3DNS - basic,GovPal,Curia Lab,JustaName,ZK Email - ext,Namestone,Ethereum Identity Fnd - ext,Unruggable - ext,dWeb.host - ext"
0xe5bde866b2dd33a2aec4c2ca2dd446a084397091,0.04835907634116455,"ZK Email - ext,dWeb.host - basic,Enscribe,Lighthouse Labs,blockful - ext,GovPal,NameHash Labs,Agora - basic,Tally,dWeb.host - ext,Wildcard Labs - ext,NONE BELOW,Unicorn.eth,eth.limo - basic,Ethereum Identity Fnd - basic,JustaName,eth.limo - ext,Wildcard Labs - basic,WebHash,Curia Lab,Web3bio,3DNS - ext,Unruggable - ext,Namespace,ZK Email - basic,Unruggable - basic,x23.ai,Agora - ext,Decent,Ethereum Identity Fnd - ext,Namestone,AlphaGrowth - ext,blockful - basic,PYOR,3DNS - basic,AlphaGrowth - basic"
0x1a7971e6257b5259f3a781c435de2905b21af2d0,0.04830108049981776,"Agora - basic,blockful - ext,Ethereum Identity Fnd - ext,Curia Lab,Wildcard Labs - basic,ZK Email - ext,Namestone,Agora - ext,Wildcard Labs - ext,dWeb.host - basic,dWeb.host - ext,NameHash Labs,Lighthouse Labs,3DNS - ext,Tally,3DNS - basic,Unicorn.eth,Namespace,WebHash,Web3bio,NONE BELOW,eth.limo - basic,x23.ai,Unruggable - basic,AlphaGrowth - ext,AlphaGrowth - basic,JustaName,Enscribe,Decent,ZK Email - basic,eth.limo - ext,Ethereum Identity Fnd - basic,blockful - basic,GovPal,PYOR,Unruggable - ext"
0x7241d0cbf9d4010e695842876d457e8c4c89716f,0.04771161431879493,"WebHash,3DNS - ext,dWeb.host - ext,blockful - ext,Web3bio,Tally,Curia Lab,NameHash Labs,Unruggable - basic,Agora - basic,PYOR,Ethereum Identity Fnd - ext,blockful - basic,ZK Email - ext,AlphaGrowth - ext,Ethereum Identity Fnd - basic,NONE BELOW,x23.ai,Agora - ext,Decent,Wildcard Labs - ext,3DNS - basic,eth.limo - ext,AlphaGrowth - basic,Lighthouse Labs,Namestone,Wildcard Labs - basic,Unicorn.eth,Enscribe,Namespace,JustaName,GovPal,ZK Email - basic,Unruggable - ext,eth.limo - basic,dWeb.host - basic"
0x1e7e8409cc2d3d53555bfa973c4fe0160b6a65d4,0.047451348112899985,"Wildcard Labs - ext,AlphaGrowth - basic,JustaName,Ethereum Identity Fnd - basic,Namestone,Agora - ext,Namespace,eth.limo - ext,NameHash Labs,Ethereum Identity Fnd - ext,PYOR,Curia Lab,GovPal,Agora - basic,3DNS - ext,Unicorn.eth,Enscribe,Unruggable - basic,ZK Email - ext,blockful - ext,Unruggable - ext,x23.ai,Lighthouse Labs,dWeb.host - ext,Wildcard Labs - basic,Web3bio,blockful - basic,3DNS - basic,WebHash,ZK Email - basic,Decent,AlphaGrowth - ext,Tally,dWeb.host - basic,NONE BELOW,eth.limo - basic"
0x47c0f3ec73c26dbcc6f49706a93fa9c100024659,0.0455514150094583,"Ethereum Identity Fnd - basic,Lighthouse Labs,Namestone,PYOR,Wildcard Labs - ext,eth.limo - ext,Agora - basic,dWeb.host - ext,NameHash Labs,eth.limo - basic,3DNS - ext,Curia Lab,Tally,Agora - ext,Unicorn.eth,ZK Email - ext,x23.ai,dWeb.host - basic,3DNS - basic,Web3bio,Namespace,JustaName,NONE BELOW,ZK Email - basic,Ethereum Identity Fnd - ext,AlphaGrowth - ext,Enscribe,Decent,AlphaGrowth - basic,GovPal,WebHash,Unruggable - basic,Unruggable - ext,Wildcard Labs - basic,blockful - basic,blockful - ext"
0xc7633c8da4783ed7f08802dea2c0eebaedd40010,0.04550991578033195,"x23.ai,dWeb.host - ext,GovPal,PYOR,blockful - basic,AlphaGrowth - ext,ZK Email - ext,Unruggable - basic,Wildcard Labs - ext,Unicorn.eth,JustaName,eth.limo - basic,3DNS - basic,blockful - ext,Tally,Agora - basic,Curia Lab,NONE BELOW,WebHash,Web3bio,Enscribe,Ethereum Identity Fnd - ext,dWeb.host - basic,Namestone,ZK Email - basic,Ethereum Identity Fnd - basic,Decent,Wildcard Labs - basic,Agora - ext,3DNS - ext,eth.limo - ext,Lighthouse Labs,AlphaGrowth - basic,Unruggable - ext,NameHash Labs,Namespace"
0x155e9d7f9add12ad8c051dd0dc3c39494618af8c,0.04464901315616484,"AlphaGrowth - ext,Wildcard Labs - basic,Tally,x23.ai,Ethereum Identity Fnd - basic,WebHash,eth.limo - ext,Unruggable - basic,Namespace,Enscribe,eth.limo - basic,blockful - ext,ZK Email - basic,AlphaGrowth - basic,PYOR,GovPal,Curia Lab,NameHash Labs,NONE BELOW,Agora - ext,Unruggable - ext,blockful - basic,Agora - basic,Web3bio,ZK Email - ext,Wildcard Labs - ext,Namestone,Ethereum Identity Fnd - ext,Decent,dWeb.host - basic,JustaName,3DNS - basic,dWeb.host - ext,3DNS - ext,Unicorn.eth,Lighthouse Labs"
0xb5ea7ce98dbd885f71360309831958c2e3faa037,0.0429989851864391,"Tally,Lighthouse Labs,Wildcard Labs - basic,AlphaGrowth - ext,NameHash Labs,3DNS - basic,blockful - ext,Unicorn.eth,Namespace,Ethereum Identity Fnd - basic,blockful - basic,Unruggable - ext,Namestone,Wildcard Labs - ext,Unruggable - basic,x23.ai,3DNS - ext,eth.limo - ext,ZK Email - basic,eth.limo - basic,Web3bio,GovPal,Agora - basic,JustaName,dWeb.host - basic,dWeb.host - ext,ZK Email - ext,Ethereum Identity Fnd - ext,Decent,PYOR,Agora - ext,Curia Lab,NONE BELOW,WebHash,Enscribe,AlphaGrowth - basic"
0x09cf30aaedeb144c6caf6f135d4582945b4191b7,0.03884261118371578,"dWeb.host - basic,AlphaGrowth - basic,x23.ai,NONE BELOW,Web3bio,Lighthouse Labs,NameHash Labs,Namestone,eth.limo - basic,Tally,Unicorn.eth,GovPal,3DNS - basic,eth.limo - ext,blockful - basic,AlphaGrowth - ext,JustaName,Wildcard Labs - basic,Decent,WebHash,Agora - basic,Ethereum Identity Fnd - ext,dWeb.host - ext,Curia Lab,Wildcard Labs - ext,Ethereum Identity Fnd - basic,Agora - ext,Unruggable - ext,Enscribe,blockful - ext,ZK Email - ext,PYOR,Unruggable - basic,Namespace,ZK Email - basic,3DNS - ext"
0x84698c0b87691eebbb4a11ab20c49916e0d7ecd9,0.038434894838126135,"eth.limo - ext,NONE BELOW,WebHash,Unicorn.eth,JustaName,Lighthouse Labs,dWeb.host - ext,dWeb.host - basic,blockful - ext,Tally,3DNS - ext,Namestone,AlphaGrowth - basic,Decent,3DNS - basic,Agora - ext,Wildcard Labs - basic,Curia Lab,GovPal,Ethereum Identity Fnd - basic,ZK Email - basic,Unruggable - basic,Agora - basic,PYOR,NameHash Labs,eth.limo - basic,Wildcard Labs - ext,x23.ai,AlphaGrowth - ext,Ethereum Identity Fnd - ext,blockful - basic,Namespace,ZK Email - ext,Web3bio,Unruggable - ext,Enscribe"
0xd6368d2e97695a30678e5ec2668f23c05320522e,0.037378949287993436,"NameHash Labs,3DNS - ext,JustaName,Ethereum Identity Fnd - ext,Ethereum Identity Fnd - basic,Namespace,Agora - basic,NONE BELOW,Namestone,blockful - basic,Wildcard Labs - ext,GovPal,Lighthouse Labs,dWeb.host - basic,ZK Email - basic,Unicorn.eth,eth.limo - basic,Web3bio,Decent,Agora - ext,AlphaGrowth - ext,blockful - ext,Unruggable - ext,PYOR,WebHash,Unruggable - basic,Curia Lab,Wildcard Labs - basic,Tally,3DNS - basic,ZK Email - ext,eth.limo - ext,Enscribe,dWeb.host - ext,x23.ai,AlphaGrowth - basic"
0x95c5593e13b1b57e472dbdcabf813b73d04cfd13,0.026723321219129834,"Lighthouse Labs,dWeb.host - ext,NameHash Labs,Web3bio,3DNS - ext,ZK Email - ext,NONE BELOW,PYOR,x23.ai,dWeb.host - basic,Wildcard Labs - ext,AlphaGrowth - ext,Namestone,3DNS - basic,Curia Lab,Enscribe,Agora - basic,eth.limo - basic,ZK Email - basic,Decent,WebHash,Unruggable - basic,Agora - ext,Unicorn.eth,Tally,eth.limo - ext,Unruggable - ext,Ethereum Identity Fnd - basic,Namespace,blockful - ext,blockful - basic,Ethereum Identity Fnd - ext,Wildcard Labs - basic,JustaName,GovPal,AlphaGrowth - basic"
0xa8e17be2b11e744561859c9c31ea060ee30bf37c,0.008952511067204768,"Namespace,Unruggable - basic,eth.limo - basic,Tally,Agora - basic,dWeb.host - basic,AlphaGrowth - ext,Namestone,AlphaGrowth - basic,ZK Email - basic,JustaName,Ethereum Identity Fnd - ext,Lighthouse Labs,Enscribe,blockful - ext,ZK Email - ext,dWeb.host - ext,WebHash,Wildcard Labs - basic,Ethereum Identity Fnd - basic,GovPal,Web3bio,blockful - basic,3DNS - ext,Unicorn.eth,NONE BELOW,3DNS - basic,Decent,eth.limo - ext,PYOR,Wildcard Labs - ext,Agora - ext,x23.ai,Curia Lab,NameHash Labs,Unruggable - ext"
0xc3a2821727e9e5fa690f8c69c5d8e0899aa0e6ee,0.002048609963925704,"GovPal,Tally,eth.limo - basic,WebHash,dWeb.host - basic,Unruggable - basic,x23.ai,Agora - ext,3DNS - basic,NONE BELOW,PYOR,blockful - ext,Agora - basic,ZK Email - basic,Namestone,JustaName,Curia Lab,AlphaGrowth - basic,Unicorn.eth,blockful - basic,Ethereum Identity Fnd - ext,ZK Email - ext,3DNS - ext,Wildcard Labs - ext,Web3bio,Lighthouse Labs,Decent,NameHash Labs,Enscribe,eth.limo - ext,dWeb.host - ext,Wildcard Labs - basic,Unruggable - ext,Namespace,AlphaGrowth - ext,Ethereum Identity Fnd - basic"
0x475e41b482afc82bae8025d09d128f30b680e10c,0.001584893924188265,"blockful - basic,Namespace,Wildcard Labs - ext,Ethereum Identity Fnd - ext,Namestone,ZK Email - basic,NONE BELOW,Ethereum Identity Fnd - basic,Lighthouse Labs,Decent,AlphaGrowth - ext,Agora - basic,x23.ai,PYOR,ZK Email - ext,Wildcard Labs - basic,eth.limo - basic,Unicorn.eth,AlphaGrowth - basic,Curia Lab,Web3bio,NameHash Labs,dWeb.host - basic,JustaName,Tally,GovPal,eth.limo - ext,dWeb.host - ext,3DNS - basic,Agora - ext,WebHash,Unruggable - ext,blockful - ext,3DNS - ext,Enscribe,Unruggable - basic"
0x36ba23241ff9ed173ac2c384d0e4760536d4b435,0.0013,"blockful - basic,eth.limo - basic,Lighthouse Labs,Tally,Enscribe,dWeb.host - ext,Agora - basic,Unicorn.eth,Namespace,Ethereum Identity Fnd - ext,3DNS - basic,Curia Lab,WebHash,Unruggable - ext,Wildcard Labs - basic,Namestone,AlphaGrowth - basic,eth.limo - ext,dWeb.host - basic,AlphaGrowth - ext,GovPal,NameHash Labs,ZK Email - ext,Unruggable - basic,Agora - ext,ZK Email - basic,Web3bio,NONE BELOW,Ethereum Identity Fnd - basic,PYOR,3DNS - ext,Wildcard Labs - ext,blockful - ext,JustaName,x23.ai,Decent"
0x315e1a5c796b734585c27e615b774441372fbd08,0.000073827082829824,"Unruggable - ext,Enscribe,ZK Email - ext,Lighthouse Labs,Tally,Web3bio,NONE BELOW,Agora - ext,Agora - basic,dWeb.host - ext,Unicorn.eth,Wildcard Labs - ext,ZK Email - basic,GovPal,dWeb.host - basic,Namestone,3DNS - ext,JustaName,Unruggable - basic,WebHash,blockful - basic,eth.limo - basic,x23.ai,AlphaGrowth - ext,Ethereum Identity Fnd - basic,Namespace,PYOR,AlphaGrowth - basic,Decent,Wildcard Labs - basic,blockful - ext,3DNS - basic,Ethereum Identity Fnd - ext,NameHash Labs,eth.limo - ext,Curia Lab"
